<?xml version="1.0" encoding="UTF-8"?>
<project-private xmlns="http://www.netbeans.org/ns/project-private/1">
    <editor-bookmarks xmlns="http://www.netbeans.org/ns/editor-bookmarks/2" lastBookmarkId="0"/>
    <open-files xmlns="http://www.netbeans.org/ns/projectui-open-files/2">
        <group>
            <file>file:/home/aswanth/NetBeansProjects/Grade%20software/src/grade/software/penalize.java</file>
            <file>file:/home/aswanth/NetBeansProjects/Grade%20software/src/grade/software/ViewStudentDetails.java</file>
            <file>file:/home/aswanth/NetBeansProjects/Grade%20software/src/grade/software/Student.java</file>
            <file>file:/home/aswanth/NetBeansProjects/Grade%20software/src/grade/software/Calculation.java</file>
            <file>file:/home/aswanth/NetBeansProjects/Grade%20software/src/grade/software/GradeSoftware.java</file>
            <file>file:/home/aswanth/NetBeansProjects/Grade%20software/src/grade/software/Result.java</file>
        </group>
    </open-files>
</project-private>
